,0,1
0,S155,T1922
1,S155,T617
2,S155,T720
3,S155,T996
4,S155,T1354
5,S155,T656
6,S155,T1520
7,S155,T1611
8,S155,T1099
9,S155,T155
10,S155,T474
11,S155,T1554
12,S1311,T508
13,S580,T1961
14,S1782,T1011
15,S1735,T970
16,S1735,T2054
17,S1622,T734
18,S1622,T343
19,S1622,T1674
20,S1035,T43
21,S1035,T1072
22,S1035,T774
23,S1035,T1684
24,S1035,T982
25,S1035,T1869
26,S12,T343
27,S12,T991
28,S1526,T1322
29,S1526,T1975
30,S1526,T1358
31,S1078,T610
32,S739,T970
33,S739,T923
34,S1294,T1785
35,S28,T1839
36,S1984,T970
37,S1984,T1735
38,S1428,T538
39,S1428,T2046
40,S1042,T314
41,S1042,T301
42,S1042,T1126
43,S1042,T121
44,S1042,T884
45,S1042,T1947
46,S1042,T343
47,S1042,T987
48,S1042,T1098
49,S1042,T1128
50,S1714,T1272
51,S55,T1146
52,S55,T536
53,S55,T1779
54,S55,T612
55,S55,T1884
56,S55,T815
57,S1679,T1744
58,S1679,T1368
59,S1679,T481
60,S1868,T993
61,S1868,T2101
62,S589,T1815
63,S1101,T506
64,S1101,T1604
65,S1101,T1846
66,S1101,T1451
67,S1101,T343
68,S1101,T1318
69,S1101,T172
70,S1101,T249
71,S1101,T2010
72,S1101,T1478
73,S1101,T965
74,S1101,T1757
75,S1193,T547
76,S1193,T1699
77,S1193,T1713
78,S1193,T522
79,S1193,T1219
80,S1193,T1025
81,S1193,T470
82,S1193,T378
83,S1193,T207
84,S1193,T664
85,S1193,T1789
86,S1193,T398
87,S1671,T1795
88,S1671,T1558
89,S1584,T982
90,S1809,T1680
91,S1954,T882
92,S1954,T1017
93,S1661,T258
94,S1661,T1782
95,S1661,T651
96,S1661,T606
97,S1661,T653
98,S1808,T882
99,S829,T2059
100,S16,T561
101,S16,T354
102,S16,T1076
103,S16,T1348
104,S16,T1417
105,S16,T1616
106,S16,T1785
107,S16,T704
108,S16,T353
109,S16,T871
110,S84,T448
111,S84,T193
112,S71,T1663
113,S71,T285
114,S71,T1007
115,S383,T1135
116,S1700,T939
117,S1540,T1785
118,S1987,T793
119,S1651,T943
120,S1651,T1306
121,S1651,T978
122,S1651,T838
123,S1651,T1392
124,S1651,T602
125,S1651,T841
126,S565,T713
127,S410,T1009
128,S1604,T707
129,S1604,T1645
130,S1604,T2010
131,S1604,T585
132,S1604,T1846
133,S1571,T1251
134,S1571,T1637
135,S1571,T1627
136,S1571,T748
137,S1571,T1791
138,S1599,T938
139,S1599,T613
140,S1599,T563
141,S1233,T1294
142,S1233,T1785
143,S1233,T229
144,S1794,T779
145,S1794,T1517
146,S6,T514
147,S6,T1352
148,S406,T1190
149,S406,T1979
150,S406,T497
151,S406,T1877
152,S406,T1070
153,S707,T1645
154,S707,T1004
155,S482,T481
156,S482,T1637
157,S482,T838
158,S482,T1696
159,S482,T1679
160,S1436,T1988
161,S1436,T718
162,S1436,T1924
163,S1659,T1137
164,S1659,T1881
165,S1810,T1839
166,S737,T2069
167,S1147,T522
168,S1147,T310
169,S1147,T1637
170,S112,T916
171,S112,T199
172,S112,T1771
173,S112,T141
174,S112,T1221
175,S112,T855
176,S112,T1210
177,S112,T719
178,S112,T1026
179,S19,T1785
180,S1745,T1999
181,S1226,T882
182,S1226,T899
183,S421,T1517
184,S421,T2004
185,S1529,T1680
186,S1529,T2018
187,S942,T942
188,S551,T2075
189,S551,T564
190,S550,T780
191,S550,T1820
192,S885,T2054
193,S1543,T1954
194,S274,T793
195,S274,T1949
196,S831,T1945
197,S831,T1327
198,S1865,T1746
199,S653,T258
200,S653,T1782
201,S653,T1011
202,S349,T538
203,S1827,T984
204,S1827,T1013
205,S506,T707
206,S506,T699
207,S506,T1645
208,S506,T2010
209,S506,T613
210,S506,T1846
211,S1757,T585
212,S1757,T1645
213,S1757,T2010
214,S1757,T965
215,S1757,T1846
216,S327,T1696
217,S1132,T1941
218,S1132,T2016
219,S1525,T1799
220,S1199,T930
221,S1275,T1900
222,S1331,T652
223,S142,T1891
224,S1360,T1089
225,S1360,T1922
226,S1557,T508
227,S574,T2101
228,S574,T734
229,S510,T884
230,S1780,T957
231,S180,T1827
232,S151,T709
233,S151,T941
234,S151,T270
235,S108,T743
236,S1202,T1205
237,S1202,T1827
238,S519,T2028
239,S519,T673
240,S744,T882
241,S744,T1522
242,S119,T1839
243,S477,T153
244,S477,T211
245,S477,T957
246,S477,T789
247,S477,T1616
248,S477,T82
249,S477,T220
250,S610,T1871
251,S610,T1787
252,S610,T957
253,S1616,T957
254,S1616,T1942
255,S36,T1103
256,S36,T343
257,S36,T715
258,S561,T1942
259,S644,T649
260,S644,T2081
261,S644,T1995
262,S644,T1930
263,S644,T930
264,S644,T644
265,S2081,T930
266,S2081,T1930
267,S2081,T1995
268,S307,T343
269,S307,T1859
270,S497,T981
271,S249,T1451
272,S249,T2010
273,S249,T848
274,S249,T343
275,S249,T1846
276,S1704,T981
277,S1053,T343
278,S1053,T1098
279,S74,T343
280,S670,T1367
281,S670,T276
282,S43,T955
283,S43,T811
284,S143,T103
285,S143,T849
286,S143,T1945
287,S619,T692
288,S619,T794
289,S13,T324
290,S13,T543
291,S1688,T277
292,S1688,T683
293,S1688,T1381
294,S1688,T1002
295,S1688,T800
296,S1688,T343
297,S1910,T1553
298,S802,T2050
299,S768,T946
300,S1251,T1637
301,S1251,T1541
302,S504,T1132
303,S504,T1503
304,S504,T1611
305,S699,T1343
306,S699,T1645
307,S699,T707
308,S1348,T1942
309,S1106,T1252
310,S1106,T846
311,S1106,T1739
312,S636,T908
313,S636,T947
314,S613,T1809
315,S613,T892
316,S613,T695
317,S613,T1953
318,S654,T1785
319,S270,T916
320,S270,T343
321,S270,T1256
322,S270,T1026
323,S786,T1170
324,S786,T877
325,S585,T2043
326,S585,T1004
327,S1170,T2037
328,S1544,T1572
329,S1544,T1785
330,S608,T1785
331,S2098,T1603
332,S1075,T1960
333,S1075,T1134
334,S757,T1785
335,S757,T258
336,S2038,T418
337,S2038,T1696
338,S2038,T1846
339,S1531,T397
340,S312,T1878
341,S312,T889
342,S1247,T400
343,S1031,T1941
344,S1031,T37
345,S1031,T377
346,S1031,T2016
347,S774,T799
348,S774,T944
349,S1110,T893
350,S1110,T258
351,S665,T665
352,S665,T1715
353,S1063,T755
354,S1063,T766
355,S189,T416
356,S189,T1367
357,S359,T360
358,S359,T2054
359,S359,T657
360,S1201,T1924
361,S73,T277
362,S73,T343
363,S73,T1266
364,S939,T1553
365,S91,T255
366,S91,T1282
367,S1070,T522
368,S1070,T552
369,S1070,T2058
370,S1070,T1359
371,S1070,T2009
372,S1070,T1545
373,S859,T2018
374,S1328,T1463
375,S226,T1517
376,S226,T718
377,S1148,T397
378,S524,T704
379,S1883,T1746
380,S1479,T1892
381,S1479,T68
382,S1479,T890
383,S1252,T1446
384,S1234,T1549
385,S1580,T800
386,S893,T2054
387,S1512,T1891
388,S1512,T718
389,S1512,T1924
390,S1835,T957
391,S1638,T1842
392,S1084,T1196
393,S1084,T277
394,S1084,T1381
395,S1084,T849
396,S1084,T343
397,S1084,T1134
398,S267,T806
399,S1614,T1723
400,S2048,T248
401,S2048,T343
402,S1748,T988
403,S1561,T884
404,S1561,T526
405,S1561,T563
406,S1561,T952
407,S1406,T343
408,S1378,T1256
409,S1094,T993
410,S1094,T1741
411,S1094,T381
412,S1094,T752
413,S1822,T1620
414,S1822,T960
415,S115,T1345
416,S115,T221
417,S115,T1504
418,S115,T323
419,S115,T2038
420,S115,T482
421,S115,T327
422,S1979,T1779
423,S1979,T522
424,S1979,T1844
425,S1979,T726
426,S1979,T981
427,S1979,T497
428,S1340,T1448
429,S1340,T636
430,S1340,T752
431,S300,T584
432,S300,T884
433,S837,T840
434,S735,T1975
435,S328,T882
436,S328,T1663
437,S328,T617
438,S328,T1007
439,S328,T713
440,S1741,T993
441,S1741,T719
442,S1741,T935
443,S1741,T1945
444,S1741,T752
445,S195,T553
446,S899,T2069
447,S899,T1110
448,S899,T1011
449,S899,T606
450,S899,T1661
451,S2010,T987
452,S2010,T2018
453,S2010,T1004
454,S1074,T432
455,S1074,T323
456,S1074,T218
457,S1074,T482
458,S1074,T327
459,S1074,T2032
460,S1074,T878
461,S1074,T627
462,S1074,T221
463,S1074,T935
464,S1074,T158
465,S1074,T1212
466,S1095,T1716
467,S657,T797
468,S657,T750
469,S200,T1736
470,S200,T319
471,S200,T930
472,S211,T957
473,S211,T1812
474,S419,T718
475,S796,T2101
476,S796,T870
477,S1945,T1024
478,S1223,T930
479,S1467,T522
480,S1041,T263
481,S1041,T129
482,S1041,T996
483,S1041,T670
484,S1041,T1354
485,S1041,T982
486,S1179,T707
487,S1179,T497
488,S1179,T1278
489,S1179,T363
490,S1179,T418
491,S1179,T1392
492,S1179,T1688
493,S1179,T1744
494,S1179,T156
495,S1179,T1437
496,S1179,T1704
497,S1179,T992
498,S1179,T1306
499,S1179,T763
500,S1179,T243
501,S1179,T715
502,S1179,T1196
503,S1179,T143
504,S1179,T1504
505,S1179,T167
506,S1179,T1425
507,S1179,T249
508,S1179,T444
509,S1179,T1757
510,S1179,T1707
511,S1211,T531
512,S80,T1961
513,S190,T1252
514,S190,T913
515,S190,T846
516,S190,T522
517,S190,T1739
518,S190,T664
519,S190,T508
520,S190,T769
521,S190,T609
522,S190,T2044
523,S452,T1679
524,S452,T482
525,S1219,T1071
526,S1219,T636
527,S1219,T286
528,S1219,T536
529,S1219,T103
530,S1219,T381
531,S1219,T1316
532,S1219,T1979
533,S1219,T574
534,S1219,T1352
535,S1615,T2059
536,S1615,T213
537,S2067,T1972
538,S563,T1425
539,S563,T687
540,S301,T613
541,S301,T306
542,S301,T343
543,S301,T756
544,S2022,T2022
545,S1446,T758
546,S1446,T846
547,S1446,T1739
548,S1446,T967
549,S110,T182
550,S110,T802
551,S21,T1009
552,S21,T1714
553,S21,T410
554,S1692,T1741
555,S1692,T916
556,S1692,T510
557,S1692,T1026
558,S1692,T1959
559,S870,T2101
560,S1267,T882
561,S1267,T258
562,S309,T882
563,S309,T1422
564,S309,T258
565,S1422,T1267
566,S1422,T495
567,S535,T990
568,S535,T806
569,S857,T1779
570,S1492,T1611
571,S1492,T1525
572,S1492,T587
573,S319,T649
574,S319,T582
575,S319,T1930
576,S319,T1995
577,S1309,T930
578,S1309,T582
579,S1309,T1930
580,S1309,T1995
581,S1309,T649
582,S1309,T644
583,S1995,T930
584,S1995,T1736
585,S1995,T900
586,S1100,T649
587,S1100,T930
588,S1100,T582
589,S1100,T1930
590,S1125,T1642
591,S1125,T352
592,S1125,T258
593,S651,T689
594,S651,T258
595,S651,T1011
596,S651,T653
597,S1469,T785
598,S1469,T1924
599,S320,T1002
600,S320,T1875
601,S31,T1197
602,S1244,T1452
603,S1244,T2050
604,S150,T432
605,S150,T323
606,S150,T218
607,S150,T482
608,S150,T327
609,S150,T2032
610,S150,T627
611,S150,T221
612,S150,T935
613,S150,T158
614,S150,T1212
615,S1204,T702
616,S782,T918
617,S1756,T2044
618,S341,T534
619,S26,T910
620,S26,T2101
621,S523,T1916
622,S597,T882
623,S597,T802
624,S597,T1799
625,S597,T1136
626,S597,T645
627,S1736,T130
628,S631,T1981
629,S1950,T1981
630,S1950,T1370
631,S228,T1077
632,S228,T1950
633,S228,T489
634,S228,T1981
635,S838,T978
636,S838,T909
637,S243,T838
638,S243,T343
639,S243,T1651
640,S243,T1945
641,S243,T978
642,S243,T629
643,S243,T952
644,S243,T482
645,S1163,T1372
646,S1163,T657
647,S1465,T622
648,S1465,T957
649,S106,T106
650,S106,T283
651,S106,T343
652,S1381,T968
653,S1381,T1996
654,S1381,T687
655,S1381,T1392
656,S1381,T1256
657,S1381,T1633
658,S1381,T1883
659,S1381,T563
660,S1381,T1306
661,S1381,T1561
662,S1381,T1458
663,S1381,T1651
664,S1381,T838
665,S1381,T1390
666,S1381,T1425
667,S1381,T1134
668,S1381,T480
669,S1381,T1429
670,S1381,T2091
671,S1381,T719
672,S1381,T1515
673,S1381,T658
674,S1381,T841
675,S1381,T952
676,S1381,T1900
677,S658,T1002
678,S658,T734
679,S1443,T1916
680,S1443,T466
681,S1498,T1569
682,S1498,T519
683,S329,T399
684,S329,T1094
685,S329,T831
686,S329,T1546
687,S329,T1848
688,S329,T1561
689,S329,T418
690,S329,T1327
691,S898,T1674
692,S2077,T1000
693,S1503,T2016
694,S77,T799
695,S77,T774
696,S799,T2062
697,S1216,T825
698,S1216,T1375
699,S1216,T424
700,S1216,T774
701,S1216,T1715
702,S1601,T577
703,S1601,T1612
704,S1623,T1231
705,S1623,T813
706,S1623,T1567
707,S1623,T729
708,S1623,T1427
709,S1623,T1262
710,S1623,T1141
711,S343,T968
712,S343,T103
713,S343,T418
714,S343,T1704
715,S343,T1633
716,S343,T1707
717,S343,T1306
718,S343,T763
719,S343,T831
720,S343,T838
721,S343,T699
722,S343,T629
723,S343,T841
724,S343,T1996
725,S343,T1999
726,S343,T1943
727,S343,T1599
728,S343,T1515
729,S343,T374
730,S343,T992
731,S343,T1651
732,S343,T1176
733,S343,T443
734,S343,T1529
735,S343,T250
736,S343,T1002
737,S343,T1004
738,S343,T766
739,S343,T938
740,S343,T556
741,S343,T2018
742,S343,T451
743,S343,T531
744,S343,T943
745,S343,T1745
746,S343,T1604
747,S343,T1474
748,S343,T1960
749,S343,T880
750,S343,T2091
751,S343,T538
752,S343,T800
753,S343,T1900
754,S343,T1757
755,S343,T399
756,S343,T884
757,S343,T719
758,S343,T886
759,S343,T742
760,S343,T1908
761,S343,T747
762,S343,T1392
763,S343,T1883
764,S343,T1429
765,S343,T1425
766,S343,T818
767,S343,T346
768,S343,T613
769,S1960,T1002
770,S1960,T1900
771,S1591,T1307
772,S1591,T1045
773,S1591,T1785
774,S1591,T946
775,S238,T1919
776,S1658,T1654
777,S1658,T1620
778,S1658,T1553
779,S1658,T1919
780,S1658,T939
781,S1919,T939
782,S1919,T1553
783,S1563,T1716
784,S776,T2017
785,S2017,T1022
786,S304,T776
787,S304,T928
788,S304,T2017
789,S1901,T1022
790,S1901,T966
791,S1901,T2017
792,S2003,T1157
793,S2003,T1901
794,S2003,T776
795,S2003,T966
796,S2003,T2017
797,S415,T1908
798,S50,T757
799,S50,T1785
800,S1891,T133
801,S1891,T2015
802,S1076,T1942
803,S1076,T1891
804,S1076,T718
805,S1086,T957
806,S1313,T800
807,S1520,T731
808,S153,T998
809,S153,T631
810,S153,T789
811,S153,T1672
812,S153,T1616
813,S153,T193
814,S153,T785
815,S153,T1854
816,S1550,T957
817,S1550,T789
818,S193,T211
819,S193,T957
820,S193,T789
821,S193,T1616
822,S193,T516
823,S193,T220
824,S1052,T211
825,S1052,T1465
826,S1530,T531
827,S1077,T539
828,S1077,T237
829,S1846,T585
830,S1846,T987
831,S1846,T2034
832,S1846,T965
833,S407,T2101
834,S1998,T2101
835,S1250,T407
836,S1250,T1998
837,S1250,T2101
838,S287,T758
839,S287,T1446
840,S287,T522
841,S287,T647
842,S287,T1840
843,S287,T591
844,S287,T923
845,S287,T386
846,S287,T967
847,S835,T868
848,S1228,T345
849,S1228,T195
850,S1228,T553
851,S1375,T946
852,S59,T1785
853,S264,T356
854,S187,T277
855,S187,T636
856,S187,T1651
857,S187,T264
858,S187,T1561
859,S187,T952
860,S187,T563
861,S277,T399
862,S277,T884
863,S277,T1381
864,S277,T938
865,S277,T418
866,S277,T563
867,S277,T1633
868,S277,T294
869,S277,T1599
870,S277,T1306
871,S277,T1651
872,S277,T841
873,S277,T831
874,S277,T1176
875,S277,T978
876,S277,T1996
877,S277,T320
878,S277,T1390
879,S277,T1134
880,S277,T838
881,S277,T1900
882,S277,T538
883,S277,T658
884,S277,T1458
885,S277,T1429
886,S86,T1757
887,S1763,T1763
888,S1763,T1096
889,S399,T831
890,S399,T916
891,S399,T418
892,S399,T1327
893,S399,T1026
894,S418,T831
895,S418,T1945
896,S418,T1327
897,S113,T117
898,S113,T912
899,S113,T1949
900,S113,T274
901,S113,T939
902,S113,T1654
903,S113,T402
904,S113,T1464
905,S113,T609
906,S113,T452
907,S742,T642
908,S742,T1474
909,S188,T742
910,S188,T629
911,S1036,T54
912,S314,T676
913,S314,T343
914,S1103,T306
915,S1103,T343
916,S1103,T715
917,S141,T993
918,S141,T2055
919,S141,T2043
920,S141,T1779
921,S141,T2101
922,S141,T1506
923,S141,T2030
924,S141,T709
925,S141,T1704
926,S481,T993
927,S38,T343
928,S38,T1688
929,S38,T1381
930,S38,T1210
931,S38,T365
932,S38,T227
933,S38,T1179
934,S711,T1892
935,S1411,T2067
936,S878,T1071
937,S878,T1741
938,S878,T1094
939,S878,T522
940,S878,T103
941,S878,T150
942,S878,T1316
943,S878,T365
944,S878,T1903
945,S878,T405
946,S878,T1568
947,S878,T2052
948,S878,T1945
949,S878,T926
950,S878,T1193
951,S878,T1789
952,S878,T636
953,S878,T286
954,S878,T1471
955,S878,T1390
956,S878,T1352
957,S878,T574
958,S878,T536
959,S878,T513
960,S878,T752
961,S878,T381
962,S878,T398
963,S1787,T998
964,S1787,T957
965,S90,T957
966,S90,T1461
967,S671,T769
968,S2097,T1975
969,S871,T1942
970,S841,T943
971,S841,T978
972,S841,T1306
973,S1134,T841
974,S1134,T343
975,S1134,T1651
976,S1134,T1996
977,S1134,T1704
978,S1134,T838
979,S1134,T1633
980,S1134,T1707
981,S1134,T1458
982,S1134,T1176
983,S693,T1785
984,S1946,T355
985,S355,T1023
986,S285,T1913
987,S285,T285
988,S285,T2047
989,S285,T2059
990,S285,T736
991,S285,T1007
992,S285,T367
993,S285,T971
994,S285,T739
995,S285,T847
996,S285,T328
997,S285,T2107
998,S285,T829
999,S285,T1450
1000,S285,T1986
1001,S1397,T1890
1002,S1760,T453
1003,S2023,T718
1004,S2023,T581
1005,S1496,T802
1006,S1839,T1517
1007,S1839,T718
1008,S1839,T710
1009,S1839,T1505
1010,S1839,T2004
1011,S1839,T1793
1012,S2012,T998
1013,S594,T893
1014,S92,T153
1015,S92,T1454
1016,S1504,T734
1017,S1504,T1696
1018,S1391,T1696
1019,S1391,T1504
1020,S1391,T115
1021,S1391,T533
1022,S1391,T734
1023,S1391,T1470
1024,S1391,T327
1025,S1391,T260
1026,S659,T508
1027,S103,T978
1028,S1637,T2052
1029,S1470,T1819
1030,S1073,T2015
1031,S1073,T1799
1032,S1073,T1785
1033,S1073,T1575
1034,S1104,T103
1035,S1104,T878
1036,S1104,T513
1037,S1172,T1492
1038,S57,T1492
1039,S1611,T1503
1040,S1611,T2016
1041,S1611,T1975
1042,S1398,T130
1043,S1398,T924
1044,S1398,T1799
1045,S1398,T1736
1046,S1398,T1577
1047,S156,T1741
1048,S156,T277
1049,S156,T842
1050,S156,T1651
1051,S156,T1381
1052,S156,T1890
1053,S156,T978
1054,S156,T343
1055,S156,T482
1056,S156,T1134
1057,S156,T457
1058,S156,T264
1059,S156,T909
1060,S156,T952
1061,S156,T734
1062,S1232,T277
1063,S1232,T1692
1064,S1232,T1381
1065,S1232,T363
1066,S1232,T1561
1067,S1232,T343
1068,S1232,T294
1069,S675,T1785
1070,S79,T802
1071,S79,T1785
1072,S1281,T968
1073,S172,T506
1074,S172,T256
1075,S172,T969
1076,S172,T1757
1077,S172,T1390
1078,S172,T987
1079,S172,T2018
1080,S172,T1797
1081,S172,T249
1082,S172,T265
1083,S172,T1478
1084,S172,T1004
1085,S172,T463
1086,S172,T1604
1087,S1256,T343
1088,S294,T1134
1089,S294,T1381
1090,S294,T343
1091,S1376,T1785
1092,S1862,T1854
1093,S1603,T1697
1094,S1600,T1600
1095,S310,T522
1096,S310,T1637
1097,S310,T449
1098,S310,T1600
1099,S668,T743
1100,S1507,T323
1101,S1507,T2049
1102,S2043,T993
1103,S381,T766
1104,S1255,T1785
1105,S1255,T610
1106,S1255,T1814
1107,S1358,T669
1108,S1283,T1358
1109,S1283,T669
1110,S849,T1633
1111,S849,T1996
1112,S849,T510
1113,S288,T551
1114,S288,T2075
1115,S288,T1517
1116,S147,T547
1117,S147,T1959
1118,S147,T1806
1119,S147,T567
1120,S147,T1797
1121,S147,T306
1122,S1980,T2021
1123,S1105,T667
1124,S1105,T391
1125,S1105,T363
1126,S1105,T1085
1127,S1105,T947
1128,S479,T1343
1129,S479,T987
1130,S479,T1738
1131,S479,T1757
1132,S479,T1846
1133,S479,T1599
1134,S479,T1004
1135,S158,T432
1136,S158,T1212
1137,S365,T1473
1138,S365,T1133
1139,S365,T1939
1140,S682,T769
1141,S1588,T742
1142,S584,T584
1143,S290,T1637
1144,S703,T1272
1145,S513,T497
1146,S513,T2101
1147,S513,T2044
1148,S513,T953
1149,S1345,T1351
1150,S88,T360
1151,S88,T285
1152,S88,T2054
1153,S88,T1957
1154,S88,T713
1155,S88,T1331
1156,S1279,T1891
1157,S1279,T2023
1158,S1279,T1924
1159,S1806,T49
1160,S1806,T306
1161,S1806,T613
1162,S1806,T1390
1163,S1806,T849
1164,S1806,T756
1165,S1806,T1959
1166,S49,T1809
1167,S49,T636
1168,S49,T497
1169,S49,T1473
1170,S49,T849
1171,S49,T343
1172,S49,T1905
1173,S49,T1693
1174,S1959,T1865
1175,S1959,T1014
1176,S567,T1014
1177,S81,T343
1178,S81,T1314
1179,S501,T1885
1180,S1414,T800
1181,S17,T1623
1182,S17,T397
1183,S17,T1601
1184,S17,T564
1185,S218,T2032
1186,S1519,T451
1187,S32,T1516
1188,S32,T211
1189,S32,T774
1190,S32,T799
1191,S32,T1623
1192,S32,T2062
1193,S656,T993
1194,S40,T1096
1195,S40,T585
1196,S40,T987
1197,S40,T1763
1198,S40,T1846
1199,S181,T1489
1200,S1205,T180
1201,S1205,T984
1202,S1205,T1013
1203,S1032,T849
1204,S1032,T294
1205,S1032,T1179
1206,S900,T1562
1207,S1383,T1479
1208,S1383,T68
1209,S1383,T1779
1210,S1383,T1884
1211,S1383,T1892
1212,S1383,T1671
1213,S1383,T890
1214,S781,T1952
1215,S781,T1904
1216,S205,T2012
1217,S205,T619
1218,S677,T942
1219,S677,T943
1220,S677,T277
1221,S677,T320
1222,S677,T1651
1223,S677,T343
1224,S677,T800
1225,S677,T1134
1226,S1859,T763
1227,S1128,T1859
1228,S1695,T652
1229,S1695,T88
1230,S1336,T1782
1231,S1336,T258
1232,S229,T790
1233,S751,T1170
1234,S751,T877
1235,S751,T786
1236,S751,T1922
1237,S400,T1922
1238,S266,T354
1239,S266,T2072
1240,S800,T1019
1241,S227,T1771
1242,S673,T1337
1243,S2099,T971
1244,S713,T955
1245,S396,T2099
1246,S182,T678
1247,S182,T2063
1248,S182,T1930
1249,S182,T1223
1250,S182,T1736
1251,S182,T1383
1252,S182,T1562
1253,S1797,T1746
1254,S1797,T707
1255,S1797,T567
1256,S1797,T1651
1257,S1797,T884
1258,S1797,T1281
1259,S1797,T1451
1260,S1797,T1860
1261,S1797,T1959
1262,S1797,T1645
1263,S1797,T828
1264,S1797,T1806
1265,S1797,T841
1266,S1797,T1622
1267,S1797,T1004
1268,S352,T1842
1269,S352,T1638
1270,S352,T258
1271,S352,T606
1272,S1926,T2062
1273,S2018,T1014
1274,S518,T1417
1275,S518,T961
1276,S518,T718
1277,S1417,T1942
1278,S1417,T961
1279,S1408,T133
1280,S1408,T1891
1281,S961,T961
1282,S15,T1417
1283,S15,T961
1284,S15,T704
1285,S704,T1942
1286,S704,T961
1287,S1712,T993
1288,S1712,T936
1289,S1589,T1624
1290,S1577,T1736
1291,S1577,T1577
1292,S1577,T130
1293,S1577,T645
1294,S645,T924
1295,S718,T1988
1296,S718,T806
1297,S718,T641
1298,S718,T966
1299,S718,T794
1300,S1298,T2057
1301,S1298,T1975
1302,S1318,T256
1303,S1318,T987
1304,S1318,T1846
1305,S508,T2079
1306,S508,T2022
1307,S508,T1657
1308,S453,T1686
1309,S582,T2081
1310,S582,T1995
1311,S582,T745
1312,S582,T644
1313,S683,T800
1314,S683,T1002
1315,S444,T1002
1316,S444,T683
1317,S219,T1517
1318,S882,T1367
1319,S882,T970
1320,S882,T2054
1321,S882,T893
1322,S882,T2095
1323,S1663,T2059
1324,S1663,T2099
1325,S347,T1005
1326,S347,T2040
1327,S347,T818
1328,S547,T1628
1329,S547,T636
1330,S547,T1772
1331,S547,T905
1332,S1972,T951
1333,S466,T1640
1334,S466,T1553
1335,S466,T1517
1336,S1750,T1919
1337,S1282,T255
1338,S1282,T2062
1339,S1282,T774
1340,S1282,T944
1341,S323,T584
1342,S323,T452
1343,S323,T1470
1344,S323,T1679
1345,S323,T1696
1346,S543,T919
1347,S919,T970
1348,S1924,T1988
1349,S1924,T1517
1350,S1924,T806
1351,S1924,T1839
1352,S1924,T710
1353,S1924,T794
1354,S353,T1924
1355,S353,T1517
1356,S258,T882
1357,S258,T2069
1358,S258,T1011
1359,S1793,T1940
1360,S884,T968
1361,S1184,T277
1362,S1184,T584
1363,S1184,T1561
1364,S1184,T343
1365,S1184,T510
1366,S1965,T1977
1367,S363,T1094
1368,S363,T904
1369,S363,T1381
1370,S363,T356
1371,S363,T770
1372,S363,T1720
1373,S363,T726
1374,S363,T1985
1375,S363,T898
1376,S363,T1352
1377,S363,T343
1378,S1349,T749
1379,S1349,T258
1380,S1349,T1833
1381,S1452,T2050
1382,S1612,T1755
1383,S394,T1691
1384,S394,T496
1385,S394,T1975
1386,S394,T1006
1387,S64,T2057
1388,S64,T394
1389,S64,T298
1390,S64,T1691
1391,S64,T496
1392,S64,T1955
1393,S538,T1980
1394,S538,T2021
1395,S538,T602
1396,S248,T443
1397,S248,T1943
1398,S360,T882
1399,S360,T1735
1400,S360,T885
1401,S360,T893
1402,S1143,T1437
1403,S1143,T1922
1404,S1143,T1402
1405,S1143,T731
1406,S1779,T2101
1407,S1779,T1558
1408,S160,T2046
1409,S160,T114
1410,S160,T1664
1411,S160,T1671
1412,S160,T511
1413,S160,T1779
1414,S160,T723
1415,S160,T1976
1416,S160,T726
1417,S160,T1855
1418,S160,T1754
1419,S160,T1725
1420,S1524,T1779
1421,S1524,T1664
1422,S1524,T726
1423,S1524,T1671
1424,S1524,T1725
1425,S695,T756
1426,S1099,T1748
1427,S1099,T409
1428,S1099,T466
1429,S1099,T617
1430,S1099,T675
1431,S1099,T1202
1432,S1099,T1878
1433,S1099,T806
1434,S1099,T92
1435,S1099,T1505
1436,S1666,T614
1437,S1666,T2050
1438,S1088,T776
1439,S1088,T1901
1440,S1088,T2003
1441,S1088,T2017
1442,S1102,T306
1443,S1102,T343
1444,S1102,T585
1445,S1102,T1797
1446,S1102,T1179
1447,S546,T135
1448,S1390,T343
1449,S1390,T1779
1450,S1390,T585
1451,S1390,T987
1452,S1390,T1959
1453,S1390,T1809
1454,S1390,T1687
1455,S1390,T1599
1456,S1390,T1945
1457,S1390,T726
1458,S1390,T849
1459,S1390,T1306
1460,S1390,T1746
1461,S1390,T1451
1462,S1390,T1671
1463,S1390,T556
1464,S1390,T1693
1465,S1390,T1529
1466,S1390,T2010
1467,S306,T343
1468,S306,T884
1469,S306,T1890
1470,S306,T1865
1471,S306,T1390
1472,S306,T556
1473,S306,T2018
1474,S306,T1959
1475,S306,T1746
1476,S306,T968
1477,S306,T567
1478,S306,T450
1479,S306,T841
1480,S306,T613
1481,S306,T1529
1482,S1098,T1680
1483,S1098,T968
1484,S1098,T884
1485,S1098,T1390
1486,S1098,T249
1487,S1098,T260
1488,S1098,T1809
1489,S1098,T1692
1490,S1098,T156
1491,S1098,T1953
1492,S1098,T747
1493,S1098,T2018
1494,S1098,T506
1495,S1098,T567
1496,S1098,T1604
1497,S1098,T1451
1498,S1098,T556
1499,S1098,T1529
1500,S1098,T1425
1501,S1098,T1184
1502,S1098,T346
1503,S1098,T1478
1504,S1098,T1561
1505,S1098,T1757
1506,S1098,T74
1507,S1098,T1004
1508,S556,T1680
1509,S556,T2018
1510,S968,T1002
1511,S1272,T1049
1512,S1272,T893
1513,S1272,T1570
1514,S1341,T553
1515,S247,T403
1516,S247,T800
1517,S247,T1381
1518,S247,T629
1519,S247,T343
1520,S247,T1134
1521,S269,T1002
1522,S1707,T269
1523,S1707,T1002
1524,S1707,T2093
1525,S1483,T269
1526,S1483,T1707
1527,S311,T742
1528,S311,T253
1529,S311,T1925
1530,S356,T343
1531,S356,T351
1532,S2104,T1988
1533,S505,T1922
1534,S1997,T1604
1535,S1997,T506
1536,S1997,T256
1537,S1997,T1451
1538,S1997,T585
1539,S1997,T1098
1540,S1997,T1797
1541,S1997,T707
1542,S1997,T1101
1543,S1997,T249
1544,S1997,T1478
1545,S1997,T1846
1546,S1997,T1757
1547,S1997,T1004
1548,S1296,T673
1549,S1296,T519
1550,S1564,T883
1551,S1564,T519
1552,S1564,T688
1553,S124,T416
1554,S124,T1367
1555,S1777,T946
1556,S1197,T267
1557,S1197,T1777
1558,S1197,T1912
1559,S1197,T1924
1560,S1620,T720
1561,S1620,T1785
1562,S566,T1562
1563,S566,T900
1564,S545,T258
1565,S1970,T1476
1566,S1970,T1558
1567,S1970,T503
1568,S1970,T343
1569,S1476,T1558
1570,S1476,T503
1571,S1882,T1785
1572,S1882,T806
1573,S1285,T679
1574,S1285,T535
1575,S1285,T1785
1576,S1285,T1882
1577,S324,T1333
1578,S324,T1549
1579,S324,T119
1580,S522,T547
1581,S522,T1650
1582,S522,T1637
1583,S522,T752
1584,S522,T1840
1585,S522,T726
1586,S522,T848
1587,S522,T1600
1588,S1400,T1135
1589,S1218,T535
1590,S1218,T990
1591,S1218,T1554
1592,S1218,T1285
1593,S1218,T1882
1594,S1892,T1528
1595,S1892,T1961
1596,S529,T2066
1597,S529,T1753
1598,S640,T1785
1599,S640,T806
1600,S1178,T769
1601,S117,T343
1602,S1425,T1890
1603,S1425,T978
1604,S1425,T952
1605,S1451,T1604
1606,S1451,T506
1607,S1451,T1645
1608,S1451,T707
1609,S1451,T1478
1610,S1451,T965
1611,S1451,T1757
1612,S1451,T1004
1613,S1117,T1049
1614,S1117,T1272
1615,S1117,T383
1616,S1117,T1639
1617,S1117,T1400
1618,S1049,T1639
1619,S1049,T1863
1620,S397,T1589
1621,S397,T1869
1622,S397,T2065
1623,S397,T1916
1624,S397,T423
1625,S397,T619
1626,S397,T546
1627,S1058,T1286
1628,S1058,T446
1629,S1058,T1551
1630,S1058,T1352
1631,S260,T277
1632,S1427,T729
1633,S204,T332
1634,S204,T204
1635,S204,T586
1636,S1788,T412
1637,S1788,T586
1638,S1253,T1785
1639,S1253,T586
1640,S1153,T1785
1641,S1245,T363
1642,S1245,T2068
1643,S1245,T1674
1644,S1245,T159
1645,S793,T1949
1646,S793,T1890
1647,S793,T976
1648,S793,T1327
1649,S213,T1620
1650,S1346,T884
1651,S1461,T957
1652,S1461,T1496
1653,S1461,T1141
1654,S503,T2101
1655,S503,T726
1656,S503,T1558
1657,S1664,T993
1658,S1664,T1923
1659,S1664,T1779
1660,S1664,T2101
1661,S1664,T770
1662,S1664,T979
1663,S1664,T1725
1664,S953,T2044
1665,S1773,T838
1666,S1773,T1425
1667,S1773,T247
1668,S1773,T156
1669,S1773,T687
1670,S1773,T343
1671,S1773,T1474
1672,S1773,T1429
1673,S629,T629
1674,S629,T800
1675,S1449,T1005
1676,S1449,T598
1677,S1449,T2040
1678,S1449,T818
1679,S1702,T1785
1680,S1702,T743
1681,S480,T1002
1682,S480,T1819
1683,S1654,T1553
1684,S1654,T1919
1685,S1654,T1700
1686,S499,T2055
1687,S499,T1442
1688,S499,T636
1689,S499,T664
1690,S499,T1552
1691,S499,T114
1692,S499,T958
1693,S499,T1193
1694,S499,T1713
1695,S499,T981
1696,S499,T123
1697,S752,T2055
1698,S752,T905
1699,S752,T958
1700,S752,T908
1701,S752,T947
1702,S752,T981
1703,S1838,T296
1704,S446,T460
1705,S446,T1493
1706,S1354,T1807
1707,S223,T1785
1708,S564,T2028
1709,S564,T2075
1710,S564,T1505
1711,S564,T1785
1712,S126,T1528
1713,S126,T815
1714,S194,T2098
1715,S194,T1255
1716,S632,T2066
1717,S632,T1753
1718,S2066,T2066
1719,S2066,T1753
1720,S823,T2062
1721,S272,T885
1722,S272,T1435
1723,S1180,T1664
1724,S1180,T2101
1725,S1316,T993
1726,S1316,T1094
1727,S485,T505
1728,S1352,T513
1729,S1352,T1551
1730,S1352,T884
1731,S1352,T726
1732,S1352,T734
1733,S1352,T343
1734,S1484,T1002
1735,S1429,T1890
1736,S1429,T978
1737,S1429,T687
1738,S1429,T952
1739,S1429,T1425
1740,S1429,T563
1741,S1890,T978
1742,S1890,T952
1743,S1678,T1742
1744,S99,T882
1745,S99,T1522
1746,S99,T208
1747,S1489,T882
1748,S1489,T1522
1749,S1089,T1550
1750,S1089,T1614
1751,S1089,T932
1752,S1089,T1018
1753,S1089,T957
1754,S1089,T1603
1755,S702,T737
1756,S702,T2069
1757,S208,T882
1758,S208,T2098
1759,S208,T675
1760,S208,T1548
1761,S208,T1957
1762,S208,T1785
1763,S208,T599
1764,S208,T931
1765,S208,T1799
1766,S208,T1620
1767,S208,T2095
1768,S208,T744
1769,S208,T1954
1770,S208,T1489
1771,S599,T1799
1772,S599,T1620
1773,S599,T1957
1774,S599,T1785
1775,S599,T2095
1776,S54,T768
1777,S54,T82
1778,S1876,T2066
1779,S1876,T1753
1780,S1876,T903
1781,S1684,T826
1782,S1643,T651
1783,S1329,T793
1784,S1329,T1396
1785,S429,T1785
1786,S1210,T1713
1787,S1210,T227
1788,S1210,T855
1789,S1210,T1026
1790,S1210,T1809
1791,S1210,T162
1792,S1210,T1426
1793,S1210,T916
1794,S1206,T49
1795,S1206,T1809
1796,S1206,T365
1797,S874,T970
1798,S234,T739
1799,S736,T874
1800,S736,T923
1801,S1151,T1491
1802,S1151,T258
1803,S336,T1491
1804,S336,T258
1805,S37,T1132
1806,S37,T1503
1807,S37,T2016
1808,S37,T504
1809,S562,T882
1810,S562,T2101
1811,S1953,T1953
1812,S746,T946
1813,S1795,T1779
1814,S790,T2050
1815,S790,T802
1816,S1785,T824
1817,S1785,T1952
1818,S1785,T794
1819,S1785,T1989
1820,S1785,T946
1821,S1785,T1894
1822,S1785,T774
1823,S1785,T1870
1824,S1785,T1835
1825,S1785,T955
1826,S1785,T2094
1827,S1785,T897
1828,S1785,T1904
1829,S1785,T1023
1830,S1785,T746
1831,S1785,T507
1832,S1785,T2104
1833,S1785,T781
1834,S1799,T790
1835,S1799,T1989
1836,S1799,T130
1837,S1799,T794
1838,S1539,T1267
1839,S1539,T229
1840,S1539,T790
1841,S1191,T1962
1842,S1191,T660
1843,S1191,T258
1844,S423,T686
1845,S692,T692
1846,S1235,T1948
1847,S1235,T431
1848,S1235,T553
1849,S1235,T1441
1850,S1235,T1272
1851,S1235,T261
1852,S1235,T635
1853,S1235,T1135
1854,S5,T1357
1855,S762,T712
1856,S762,T1702
1857,S579,T970
1858,S579,T1838
1859,S1347,T632
1860,S1347,T2066
1861,S1347,T1753
1862,S255,T1812
1863,S449,T550
1864,S449,T1538
1865,S449,T449
1866,S449,T522
1867,S449,T1824
1868,S449,T571
1869,S449,T541
1870,S449,T1820
1871,S1387,T1021
1872,S1387,T1361
1873,S1387,T716
1874,S1387,T762
1875,S1361,T2013
1876,S1957,T882
1877,S1957,T2095
1878,S298,T1691
1879,S298,T394
1880,S298,T1975
1881,S1975,T2090
1882,S1975,T2057
1883,S1975,T868
1884,S1975,T835
1885,S1975,T906
1886,S1975,T782
1887,S239,T341
1888,S239,T1404
1889,S166,T453
1890,S1200,T277
1891,S1200,T1232
1892,S1419,T1654
1893,S1419,T939
1894,S191,T397
1895,S191,T1393
1896,S191,T1653
1897,S1237,T1517
1898,S1237,T564
1899,S1237,T353
1900,S1190,T2058
1901,S1190,T552
1902,S1190,T522
1903,S1190,T1877
1904,S1190,T2009
1905,S1190,T199
1906,S1190,T207
1907,S1190,T1359
1908,S1190,T293
1909,S1190,T1545
1910,S1357,T1924
1911,S1357,T554
1912,S1357,T917
1913,S1357,T258
1914,S775,T837
1915,S1854,T957
1916,S818,T1005
1917,S376,T1549
1918,S628,T2059
1919,S628,T874
1920,S114,T1524
1921,S114,T1094
1922,S114,T667
1923,S114,T1113
1924,S114,T1741
1925,S114,T388
1926,S114,T1605
1927,S114,T1390
1928,S221,T481
1929,S221,T1368
1930,S221,T1679
1931,S221,T1696
1932,S1821,T1985
1933,S131,T920
1934,S131,T1017
1935,S1792,T882
1936,S1792,T920
1937,S1474,T800
1938,S1474,T1945
1939,S1474,T498
1940,S1474,T1953
1941,S1420,T995
1942,S1420,T880
1943,S1878,T889
1944,S1947,T343
1945,S432,T734
1946,S1212,T432
1947,S1853,T1779
1948,S726,T1779
1949,S726,T1844
1950,S726,T1923
1951,S726,T1725
1952,S726,T981
1953,S1333,T1616
1954,S1333,T581
1955,S660,T258
1956,S1515,T978
1957,S1515,T952
1958,S687,T978
1959,S687,T952
1960,S1472,T429
1961,S1280,T614
1962,S1280,T1884
1963,S345,T553
1964,S606,T702
1965,S606,T258
1966,S606,T776
1967,S606,T1782
1968,S606,T651
1969,S606,T781
1970,S606,T737
1971,S606,T1011
1972,S930,T130
1973,S1582,T2059
1974,S1582,T213
1975,S1264,T2018
1976,S1494,T882
1977,S1463,T1821
1978,S1196,T1633
1979,S1196,T715
1980,S1196,T1996
1981,S1196,T1458
1982,S1196,T1134
1983,S1332,T1881
1984,S557,T720
1985,S1404,T799
1986,S1404,T1282
1987,S1404,T774
1988,S1404,T2062
1989,S198,T1742
1990,S198,T774
1991,S1542,T538
1992,S1505,T1517
1993,S1505,T641
1994,S1505,T2104
1995,S1505,T919
1996,S101,T813
1997,S101,T1357
1998,S1307,T1045
1999,S1307,T475
2000,S1307,T946
2001,S1307,T1881
2002,S1881,T946
2003,S1045,T1815
2004,S1045,T1881
2005,S252,T779
2006,S252,T1517
2007,S779,T812
2008,S1636,T424
2009,S1636,T665
2010,S403,T951
2011,S403,T458
2012,S403,T705
2013,S612,T2077
2014,S1642,T651
2015,S1642,T258
2016,S1171,T1782
2017,S1171,T653
2018,S1171,T1011
2019,S971,T1007
2020,S1716,T1916
2021,S1146,T489
2022,S1146,T461
2023,S1146,T720
2024,S1146,T745
2025,S1146,T366
2026,S1146,T1961
2027,S1554,T1955
2028,S1450,T396
2029,S1450,T713
2030,S256,T1604
2031,S256,T1451
2032,S256,T2010
2033,S256,T1858
2034,S256,T1004
2035,S1242,T1715
2036,S603,T603
2037,S1266,T275
2038,S1266,T2007
2039,S367,T736
2040,S367,T713
2041,S439,T501
2042,S439,T713
2043,S1572,T1785
2044,S56,T1402
2045,S56,T1970
2046,S1402,T1918
2047,S1072,T43
2048,S1072,T297
2049,S1072,T198
2050,S1231,T1262
2051,S1867,T612
2052,S1867,T1915
2053,S212,T1891
2054,S212,T743
2055,S457,T838
2056,S457,T940
2057,S1706,T930
2058,S1706,T900
2059,S1549,T1988
2060,S1549,T1835
2061,S1549,T1924
2062,S1549,T1505
2063,S1549,T581
2064,S1549,T1839
2065,S1549,T718
2066,S1549,T2004
2067,S1549,T794
2068,S1136,T1408
2069,S1136,T1655
2070,S85,T1799
2071,S85,T1785
2072,S1517,T1988
2073,S1517,T603
2074,S1517,T641
2075,S1517,T794
2076,S1478,T2010
2077,S1478,T613
2078,S1478,T699
2079,S1478,T1846
2080,S148,T718
2081,S1029,T1518
2082,S1029,T1863
2083,S1029,T794
2084,S1877,T2009
2085,S120,T1510
2086,S120,T751
2087,S120,T386
2088,S1863,T882
2089,S1863,T1639
2090,S1639,T1785
2091,S1645,T1645
2092,S1645,T1004
2093,S23,T506
2094,S23,T256
2095,S23,T1451
2096,S23,T585
2097,S23,T1997
2098,S23,T1098
2099,S23,T1797
2100,S23,T1645
2101,S23,T172
2102,S23,T1101
2103,S23,T1478
2104,S23,T707
2105,S23,T1004
2106,S23,T1757
2107,S23,T1604
2108,S1004,T1004
2109,S82,T193
2110,S82,T220
2111,S1149,T153
2112,S1149,T718
2113,S1149,T1742
2114,S1149,T1924
2115,S1149,T1496
2116,S734,T1264
2117,S734,T838
2118,S734,T2018
2119,S734,T841
2120,S602,T643
2121,S602,T841
2122,S602,T1264
2123,S602,T2020
2124,S2055,T993
2125,S29,T323
2126,S29,T1391
2127,S29,T1696
2128,S29,T452
2129,S29,T1504
2130,S1380,T705
2131,S1380,T725
2132,S633,T798
2133,S633,T999
2134,S633,T854
2135,S633,T1935
2136,S633,T901
2137,S1523,T807
2138,S1523,T1983
2139,S316,T598
2140,S316,T109
2141,S316,T1330
2142,S570,T701
2143,S570,T900
2144,S1221,T1628
2145,S1221,T620
2146,S1221,T227
2147,S1221,T2011
2148,S1389,T2071
2149,S441,T2041
2150,S441,T728
2151,S441,T1733
2152,S1460,T1931
2153,S1399,T104
2154,S1399,T1456
2155,S922,T974
2156,S922,T1851
2157,S922,T440
2158,S922,T1701
2159,S1929,T2014
2160,S1929,T1384
2161,S217,T541
2162,S364,T1701
2163,S364,T440
2164,S364,T760
2165,S1274,T1602
2166,S1851,T974
2167,S572,T1059
2168,S572,T2051
2169,S616,T626
2170,S616,T1726
2171,S616,T1574
2172,S616,T801
2173,S616,T639
2174,S1641,T778
2175,S138,T1286
2176,S138,T1243
2177,S138,T179
2178,S1057,T1480
2179,S1057,T1092
2180,S96,T532
2181,S52,T598
2182,S52,T854
2183,S1790,T807
2184,S1790,T761
2185,S1790,T1523
2186,S361,T2108
2187,S361,T1918
2188,S1511,T1435
2189,S216,T2086
2190,S487,T805
2191,S487,T598
2192,S890,T2106
2193,S890,T2026
2194,S540,T1775
2195,S1471,T2061
2196,S1471,T636
2197,S1471,T1568
2198,S1471,T540
2199,S1796,T364
2200,S1796,T1304
2201,S1796,T760
2202,S502,T795
2203,S502,T972
2204,S502,T933
2205,S502,T1813
2206,S136,T525
2207,S136,T1578
2208,S136,T1527
2209,S136,T1385
2210,S136,T1012
2211,S2045,T1818
2212,S2045,T2045
2213,S2045,T109
2214,S197,T408
2215,S197,T1938
2216,S1477,T592
2217,S1477,T598
2218,S1717,T901
2219,S1717,T816
2220,S894,T1384
2221,S894,T2014
2222,S202,T1776
2223,S116,T587
2224,S116,T471
2225,S2041,T929
2226,S1665,T2087
2227,S1665,T819
2228,S1665,T1509
2229,S1665,T1804
2230,S1665,T902
2231,S231,T1933
2232,S2,T161
2233,S1121,T1430
2234,S215,T1547
2235,S215,T1648
2236,S1225,T292
2237,S1856,T569
2238,S279,T1409
2239,S279,T552
2240,S279,T1685
2241,S175,T1903
2242,S1315,T2051
2243,S1315,T392
2244,S1585,T1665
2245,S1886,T1886
2246,S240,T1430
2247,S240,T2036
2248,S139,T393
2249,S139,T1268
2250,S1394,T338
2251,S1394,T1167
2252,S436,T637
2253,S436,T1596
2254,S436,T1566
2255,S436,T1971
2256,S1897,T1641
2257,S1897,T276
2258,S1538,T1824
2259,S1538,T780
2260,S1240,T539
2261,S1240,T1317
2262,S1362,T1691
2263,S1083,T377
2264,S196,T856
2265,S46,T1445
2266,S46,T395
2267,S46,T572
2268,S1978,T862
2269,S1124,T463
2270,S335,T804
2271,S335,T1607
2272,S335,T1733
2273,S1852,T626
2274,S185,T1581
2275,S185,T569
2276,S253,T237
2277,S253,T1818
2278,S128,T1077
2279,S128,T362
2280,S128,T604
2281,S128,T1896
2282,S128,T1091
2283,S128,T186
2284,S128,T598
2285,S128,T1899
2286,S814,T135
2287,S814,T650
2288,S1537,T740
2289,S1537,T1362
2290,S1932,T748
2291,S41,T1107
2292,S41,T472
2293,S41,T685
2294,S708,T708
2295,S2025,T1189
2296,S179,T1027
2297,S179,T1314
2298,S179,T1438
2299,S179,T259
2300,S179,T821
2301,S179,T560
2302,S179,T1251
2303,S1568,T2061
2304,S1568,T1775
2305,S1811,T287
2306,S1811,T967
2307,S1990,T925
2308,S1990,T2033
2309,S1990,T2083
2310,S1990,T1928
2311,S1990,T1026
2312,S1263,T1324
2313,S1263,T607
2314,S1144,T1014
2315,S1371,T1371
2316,S1371,T638
2317,S334,T1350
2318,S334,T1734
2319,S334,T494
2320,S146,T1626
2321,S299,T1382
2322,S299,T1260
2323,S887,T1236
2324,S887,T764
2325,S698,T724
2326,S184,T760
2327,S184,T308
2328,S1874,T2000
2329,S1220,T1578
2330,S1220,T1299
2331,S1220,T1983
2332,S1626,T2045
2333,S65,T602
2334,S65,T413
2335,S291,T723
2336,S291,T2046
2337,S405,T2061
2338,S1487,T1384
2339,S1487,T2014
2340,S1597,T1338
2341,S1597,T2052
2342,S1597,T1217
2343,S1597,T856
2344,S1597,T752
2345,S1597,T2005
2346,S1594,T1430
2347,S1594,T2036
2348,S1288,T1759
2349,S164,T240
2350,S164,T1594
2351,S164,T2036
2352,S1107,T646
2353,S1107,T1513
2354,S1107,T903
2355,S1107,T35
2356,S861,T1361
2357,S122,T463
2358,S521,T784
2359,S521,T856
2360,S521,T879
2361,S771,T809
2362,S68,T1647
2363,S68,T759
2364,S1405,T502
2365,S1405,T1162
2366,S1668,T1888
2367,S1668,T1914
2368,S1334,T979
2369,S1334,T1664
2370,S1334,T726
2371,S286,T1356
2372,S286,T741
2373,S1565,T741
2374,S598,T854
2375,S598,T592
2376,S598,T237
2377,S598,T845
2378,S598,T1005
2379,S598,T1174
2380,S458,T705
2381,S1273,T662
2382,S1273,T2052
2383,S1273,T752
2384,S4,T1259
2385,S4,T1361
2386,S4,T635
2387,S1845,T2042
2388,S1845,T2078
2389,S1845,T1555
2390,S520,T598
2391,S1624,T1337
2392,S1037,T1460
2393,S1037,T1142
2394,S1037,T1931
2395,S1733,T714
2396,S969,T2010
2397,S969,T585
2398,S105,T650
2399,S105,T423
2400,S1092,T1092
2401,S1092,T1261
2402,S1092,T276
2403,S1092,T1048
2404,S1286,T2073
2405,S1286,T601
2406,S1286,T532
2407,S1286,T386
2408,S1286,T560
2409,S500,T858
2410,S500,T500
2411,S278,T240
2412,S278,T1594
2413,S278,T2036
2414,S171,T1951
2415,S171,T927
2416,S171,T321
2417,S289,T1337
2418,S1339,T1652
2419,S1140,T539
2420,S1140,T1077
2421,S1140,T1930
2422,S1140,T128
2423,S163,T442
2424,S63,T570
2425,S63,T493
2426,S262,T1026
2427,S262,T916
2428,S1386,T1010
2429,S62,T1652
2430,S1579,T235
2431,S1579,T1903
2432,S152,T959
2433,S152,T1664
2434,S152,T167
2435,S152,T1648
2436,S152,T730
2437,S834,T876
2438,S438,T724
2439,S268,T2073
2440,S1113,T2046
2441,S1113,T1605
2442,S1113,T981
2443,S470,T547
2444,S470,T636
2445,S470,T1699
2446,S470,T2052
2447,S470,T752
2448,S493,T1738
2449,S1596,T2035
2450,S1596,T1850
2451,S1596,T986
2452,S1690,T927
2453,S1534,T532
2454,S690,T548
2455,S1319,T484
2456,S230,T371
2457,S1091,T362
2458,S1177,T828
2459,S1177,T1951
2460,S1586,T724
2461,S1440,T1480
2462,S1705,T1156
2463,S1566,T2035
2464,S1566,T1850
2465,S1566,T986
2466,S14,T1844
2467,S1893,T650
2468,S222,T2068
2469,S251,T1221
2470,S251,T514
2471,S1297,T242
2472,S1297,T2089
2473,S1297,T1501
2474,S1297,T525
2475,S1297,T1527
2476,S1297,T1578
2477,S1297,T1667
2478,S1129,T1973
2479,S576,T663
2480,S384,T663
2481,S384,T1829
2482,S1898,T1210
2483,S1898,T162
2484,S1898,T2082
2485,S1898,T1426
2486,S1898,T611
2487,S333,T462
2488,S51,T1359
2489,S379,T2000
2490,S1081,T1156
2491,S661,T1761
2492,S661,T934
2493,S661,T602
2494,S661,T734
2495,S661,T2020
2496,S1569,T638
2497,S1781,T379
2498,S280,T1951
2499,S1837,T773
2500,S1837,T1901
2501,S371,T1689
2502,S371,T1632
2503,S2064,T1312
2504,S2064,T977
2505,S484,T705
2506,S1743,T2051
2507,S1249,T1766
2508,S1249,T1288
2509,S1249,T1759
2510,S165,T1221
2511,S165,T973
2512,S209,T1433
2513,S209,T462
2514,S1789,T1025
2515,S593,T918
2516,S1432,T2089
2517,S1432,T1527
2518,S1432,T525
2519,S1432,T1578
2520,S1432,T1667
2521,S1040,T471
2522,S0,T2073
2523,S0,T1154
2524,S331,T708
2525,S331,T462
2526,S10,T1527
2527,S1747,T760
2528,S600,T964
2529,S600,T600
2530,S600,T2045
2531,S265,T1613
2532,S265,T1698
2533,S265,T788
2534,S265,T905
2535,S265,T1144
2536,S265,T618
2537,S265,T1363
2538,S265,T1673
2539,S265,T463
2540,S1475,T1523
2541,S1475,T761
2542,S1475,T1790
2543,S1475,T1983
2544,S1453,T1475
2545,S1453,T1523
2546,S1453,T1527
2547,S1453,T1790
2548,S76,T371
2549,S76,T1632
2550,S875,T918
2551,S2033,T2033
2552,S1775,T2061
2553,S45,T1120
2554,S1082,T894
2555,S1082,T1466
2556,S2029,T607
2557,S1656,T598
2558,S370,T808
2559,S1802,T1802
2560,S1802,T728
2561,S1532,T253
2562,S337,T1929
2563,S337,T2014
2564,S337,T1384
2565,S337,T894
2566,S1527,T1299
2567,S1527,T2089
2568,S1527,T803
2569,S1527,T872
2570,S1527,T1578
2571,S1527,T1718
2572,S1527,T1931
2573,S1527,T1667
2574,S1527,T464
2575,S1527,T891
2576,S591,T872
2577,S647,T758
2578,S647,T1010
2579,S647,T2071
2580,S647,T967
2581,S809,T974
2582,S390,T1837
2583,S1259,T861
2584,S24,T493
2585,S24,T1334
2586,S24,T994
2587,S24,T1923
2588,S24,T969
2589,S24,T979
2590,S24,T372
2591,S154,T947
2592,S1323,T431
2593,S1323,T1488
2594,S1323,T1490
2595,S1323,T1341
2596,S1323,T553
2597,S66,T861
2598,S66,T2013
2599,S66,T236
2600,S100,T827
2601,S100,T35
2602,S100,T1830
2603,S100,T20
2604,S527,T1936
2605,S527,T817
2606,S527,T626
2607,S527,T20
2608,S1593,T755
2609,S1783,T1384
2610,S1783,T2014
2611,S1119,T1326
2612,S684,T1217
2613,S1308,T2105
2614,S666,T2105
2615,S666,T1630
2616,S109,T1373
2617,S1330,T1373
2618,S1330,T1805
2619,S1330,T109
2620,S1330,T2045
2621,S1482,T1665
2622,S125,T140
2623,S125,T854
2624,S1766,T860
2625,S588,T1690
2626,S373,T1895
2627,S373,T1574
2628,S741,T843
2629,S463,T767
2630,S463,T788
2631,S463,T869
2632,S463,T1363
2633,S472,T1589
2634,S472,T646
2635,S472,T1624
2636,S509,T568
2637,S509,T851
2638,S78,T1424
2639,S78,T172
2640,S78,T463
2641,S78,T985
2642,S1421,T1586
2643,S1131,T626
2644,S1131,T273
2645,S1131,T1726
2646,S1131,T1574
2647,S1131,T1109
2648,S1131,T325
2649,S1131,T801
2650,S1131,T639
2651,S1108,T1238
2652,S1108,T947
2653,S157,T1602
2654,S157,T440
2655,S1805,T858
2656,S1805,T1005
2657,S1805,T109
2658,S408,T1938
2659,S1634,T994
2660,S1456,T2027
2661,S1456,T1784
2662,S1068,T104
2663,S1068,T696
2664,S1068,T1399
2665,S1068,T1686
2666,S207,T934
2667,S207,T1070
2668,S1138,T1752
2669,S1138,T945
2670,S1138,T851
2671,S748,T748
2672,S1229,T251
2673,S1229,T1269
2674,S377,T1941
2675,S377,T1132
2676,S377,T1778
2677,S592,T1935
2678,S592,T2024
2679,S592,T816
2680,S592,T854
2681,S592,T1937
2682,S592,T1174
2683,S592,T1717
2684,S1325,T817
2685,S34,T1624
2686,S1896,T237
2687,S1930,T1995
2688,S1930,T1535
2689,S758,T967
2690,S27,T1840
2691,S27,T967
2692,S1555,T1668
2693,S1555,T2078
2694,S1555,T1154
2695,S1555,T1363
2696,S1271,T861
2697,S1271,T2002
2698,S1271,T210
2699,S107,T1186
2700,S107,T986
2701,S560,T2070
2702,S560,T1541
2703,S2085,T1424
2704,S1762,T1005
2705,S2035,T2035
2706,S2035,T986
2707,S1925,T237
2708,S254,T1929
2709,S254,T276
2710,S1826,T1006
2711,S20,T1016
2712,S20,T626
2713,S1426,T855
2714,S1426,T420
2715,S1377,T798
2716,S1377,T633
2717,S1377,T840
2718,S1054,T1874
2719,S1054,T1495
2720,S701,T701
2721,S701,T1706
2722,S322,T1356
2723,S322,T1565
2724,S486,T253
2725,S1066,T338
2726,S1276,T2102
2727,S1276,T1761
2728,S385,T782
2729,S385,T1648
2730,S385,T730
2731,S385,T2036
2732,S2008,T1020
2733,S214,T918
2734,S1055,T1383
2735,S1055,T68
2736,S1055,T1479
2737,S1560,T1690
2738,S1778,T1902
2739,S1499,T1382
2740,S1175,T1001
2741,S1175,T2073
2742,S1254,T560
2743,S1120,T382
2744,S1120,T454
2745,S525,T1578
2746,S525,T1667
2747,S525,T1012
2748,S1501,T1527
2749,S1501,T1183
2750,S1501,T1578
2751,S413,T1809
2752,S413,T2020
2753,S340,T741
2754,S340,T1703
2755,S340,T1565
2756,S1293,T1015
2757,S1293,T1703
2758,S1293,T568
2759,S568,T1703
2760,S568,T851
2761,S303,T1453
2762,S1514,T1906
2763,S1514,T734
2764,S1304,T233
2765,S1304,T1152
2766,S1304,T1964
2767,S1304,T760
2768,S1304,T308
2769,S1304,T1462
2770,S233,T760
2771,S1669,T1430
2772,S1669,T240
2773,S1669,T1594
2774,S357,T607
2775,S1466,T894
2776,S1466,T276
2777,S404,T1665
2778,S404,T1776
2779,S442,T1337
2780,S308,T1641
2781,S783,T974
2782,S1595,T1726
2783,S1595,T1652
2784,S1803,T698
2785,S876,T876
2786,S369,T701
2787,S490,T1911
2788,S490,T738
2789,S755,T915
2790,S1322,T1691
2791,S1364,T1445
2792,S1364,T395
2793,S2040,T2077
2794,S1056,T787
2795,S1056,T2051
2796,S1056,T46
2797,S1056,T1056
2798,S1056,T1258
2799,S1056,T624
2800,S1056,T392
2801,S1056,T1059
2802,S1056,T2041
2803,S1056,T1868
2804,S537,T590
2805,S1048,T1929
2806,S1048,T690
2807,S1048,T1641
2808,S1048,T276
2809,S1048,T1215
2810,S1973,T839
2811,S1973,T426
2812,S1973,T1433
2813,S1973,T462
2814,S1973,T1598
2815,S1433,T839
2816,S1433,T1598
2817,S1433,T1418
2818,S630,T1776
2819,S696,T1399
2820,S539,T1836
2821,S539,T1020
2822,S1236,T1624
2823,S1236,T472
2824,S235,T1351
2825,S235,T1903
2826,S1351,T547
2827,S1351,T636
2828,S1351,T2052
2829,S1351,T1903
2830,S1351,T752
2831,S1486,T502
2832,S1486,T795
2833,S58,T532
2834,S1164,T242
2835,S1164,T1297
2836,S1164,T136
2837,S1164,T1501
2838,S1164,T1432
2839,S1164,T525
2840,S1164,T437
2841,S1164,T1578
2842,S1164,T2089
2843,S1164,T1667
2844,S1164,T1012
2845,S1899,T1899
2846,S1159,T471
2847,S471,T1938
2848,S471,T596
2849,S284,T1817
2850,S284,T292
2851,S162,T1592
2852,S162,T855
2853,S697,T1818
2854,S1933,T1535
2855,S635,T861
2856,S635,T2013
2857,S3,T199
2858,S2046,T1855
2859,S440,T809
2860,S440,T1851
2861,S440,T1641
2862,S1619,T1734
2863,S1619,T647
2864,S1215,T1929
2865,S1215,T276
2866,S1033,T39
2867,S1033,T663
2868,S1444,T1818
2869,S393,T1805
2870,S393,T858
2871,S393,T1971
2872,S1767,T393
2873,S1767,T1059
2874,S1767,T2041
2875,S989,T530
2876,S192,T948
2877,S192,T534
2878,S649,T2081
2879,S649,T1995
2880,S1407,T1887
2881,S1887,T650
2882,S1109,T616
2883,S1109,T817
2884,S1109,T1726
2885,S1109,T1156
2886,S1726,T1156
2887,S1337,T738
2888,S1918,T2108
2889,S1918,T1027
2890,S1752,T1500
2891,S330,T521
2892,S401,T521
2893,S167,T1797
2894,S167,T1725
2895,S1064,T862
2896,S1064,T1978
2897,S1064,T1064
2898,S1064,T1241
2899,S1064,T867
2900,S1241,T1241
2901,S1265,T890
2902,S1410,T1691
2903,S386,T1944
2904,S98,T858
2905,S98,T1005
2906,S98,T2041
2907,S199,T262
2908,S199,T916
2909,S199,T1026
2910,S199,T1070
2911,S1365,T798
2912,S1365,T999
2913,S1365,T854
2914,S1365,T1935
2915,S1365,T901
2916,S1365,T1377
2917,S1154,T1888
2918,S1154,T1914
2919,S1154,T1435
2920,S983,T1719
2921,S1768,T983
2922,S1768,T1241
2923,S1768,T492
2924,S1578,T2089
2925,S1578,T1578
2926,S1578,T980
2927,S1578,T1983
2928,S1578,T1183
2929,S1578,T464
2930,S1578,T891
2931,S437,T1527
2932,S437,T1183
2933,S437,T1578
2934,S1097,T232
2935,S1097,T1527
2936,S1097,T761
2937,S1097,T1790
2938,S1161,T1183
2939,S242,T2089
2940,S242,T1432
2941,S242,T1578
2942,S242,T1667
2943,S1667,T2089
2944,S1667,T1578
2945,S2001,T724
2946,S1699,T1699
2947,S578,T1819
2948,S578,T1699
2949,S761,T1523
2950,S761,T980
2951,S1691,T850
2952,S176,T2026
2953,S176,T2106
2954,S1169,T1565
2955,S102,T821
2956,S590,T1721
2957,S590,T755
2958,S1065,T918
2959,S836,T918
2960,S1424,T585
2961,S1424,T463
2962,S1424,T1451
2963,S1583,T1435
2964,S1168,T1699
2965,S1168,T470
2966,S1067,T1384
2967,S1067,T1929
2968,S1067,T2014
2969,S1067,T276
2970,S1490,T1586
2971,S1490,T447
2972,S1490,T445
2973,S1911,T822
2974,S1609,T783
2975,S456,T869
2976,S1213,T459
2977,S1213,T2014
2978,S1213,T1384
2979,S1213,T1641
2980,S1213,T337
2981,S1213,T548
2982,S1857,T532
2983,S1857,T1534
2984,S532,T844
2985,S662,T2052
2986,S662,T1189
2987,S662,T2025
2988,S662,T752
2989,S241,T544
2990,S1974,T272
2991,S1974,T1456
2992,S1974,T956
2993,S1974,T241
2994,S295,T1154
2995,S395,T1762
2996,S395,T1005
2997,S395,T1831
2998,S395,T854
2999,S395,T2040
3000,S1127,T159
3001,S534,T948
3002,S764,T2109
3003,S1435,T724
3004,S1435,T1668
3005,S1187,T393
3006,S1187,T858
3007,S1786,T1154
3008,S1652,T625
3009,S257,T1994
3010,S257,T1527
3011,S1791,T758
3012,S765,T404
3013,S765,T1978
3014,S765,T1269
3015,S183,T1269
3016,S1936,T650
3017,S1194,T650
3018,S1194,T348
3019,S1879,T861
3020,S1879,T1303
3021,S1879,T1559
3022,S97,T1618
3023,S97,T1188
3024,S97,T449
3025,S97,T667
3026,S97,T1113
3027,S97,T388
3028,S97,T1605
3029,S97,T541
3030,S1831,T1832
3031,S1831,T2040
3032,S454,T724
3033,S777,T292
3034,S1801,T1114
3035,S1801,T1874
3036,S1801,T501
3037,S1801,T1495
3038,S1801,T1459
3039,S1801,T1295
3040,S1295,T1204
3041,S1295,T342
3042,S1295,T1969
3043,S1114,T1901
3044,S1114,T1969
3045,S1413,T1547
3046,S1413,T730
3047,S1413,T598
3048,S1413,T520
3049,S338,T1342
3050,S338,T1665
3051,S1607,T1682
3052,S1607,T1770
3053,S344,T2056
3054,S344,T1607
3055,S1246,T1817
3056,S127,T1371
3057,S1817,T1944
3058,S1581,T620
3059,S1754,T1524
3060,S1754,T503
3061,S1754,T1844
3062,S39,T1455
3063,S39,T1421
3064,S39,T1500
3065,S39,T467
3066,S39,T945
3067,S427,T271
3068,S1224,T539
3069,S1224,T1317
3070,S1317,T539
3071,S1317,T634
3072,S224,T911
3073,S224,T273
3074,S149,T1241
3075,S149,T1320
3076,S1632,T1676
3077,S1971,T986
3078,S1971,T598
3079,S1971,T109
3080,S1858,T2051
3081,S1552,T547
3082,S1552,T908
3083,S1552,T752
3084,S1576,T1263
3085,S1576,T797
3086,S1185,T2034
3087,S1087,T1435
3088,S1087,T1439
3089,S1481,T1705
3090,S1481,T542
3091,S1798,T1596
3092,S1798,T1566
3093,S1798,T986
3094,S1277,T1312
3095,S1277,T672
3096,S1277,T369
3097,S1207,T925
3098,S1207,T1214
3099,S1,T888
3100,S1,T8
3101,S1,T348
3102,S1321,T515
3103,S1321,T1733
3104,S1321,T865
3105,S186,T2045
3106,S1145,T100
3107,S1145,T423
3108,S1145,T1635
3109,S1145,T1726
3110,S1727,T724
3111,S724,T852
3112,S724,T1217
3113,S724,T1893
3114,S724,T1991
3115,S724,T1934
3116,S724,T830
3117,S1944,T292
3118,S947,T958
3119,S174,T1527
3120,S144,T834
3121,S144,T337
3122,S144,T1321
3123,S1689,T1156
3124,S2027,T2053
3125,S1188,T541
3126,S1188,T1538
3127,S1188,T449
3128,S1188,T848
3129,S1284,T2045
3130,S1468,T788
3131,S273,T616
3132,S273,T638
3133,S273,T1371
3134,S273,T1260
3135,S1260,T638
3136,S1112,T1907
3137,S1112,T1721
3138,S1721,T755
3139,S1721,T915
3140,S1152,T804
3141,S569,T569
3142,S639,T1156
3143,S325,T616
3144,S325,T1574
3145,S526,T1903
3146,S1769,T231
3147,S1769,T1431
3148,S1769,T1933
3149,S1769,T1981
3150,S1431,T1933
3151,S706,T546
3152,S706,T814
3153,S856,T650
3154,S1312,T977
3155,S1495,T2000
3156,S999,T999
3157,S571,T1776
3158,S571,T1820
3159,S1824,T726
3160,S1776,T856
3161,S11,T1590
3162,S11,T426
3163,S1118,T1442
3164,S1118,T388
3165,S1118,T1789
3166,S426,T1880
3167,S860,T1363
3168,S1363,T905
3169,S626,T672
3170,S626,T2000
3171,S626,T817
3172,S621,T548
3173,S621,T276
3174,S496,T1691
3175,S1183,T1028
3176,S1183,T980
3177,S1683,T2090
3178,S1683,T1691
3179,S1683,T906
3180,S908,T2052
3181,S908,T958
3182,S908,T947
3183,S1513,T914
3184,S1350,T494
3185,S494,T1993
3186,S1605,T981
3187,S388,T2046
3188,S388,T1113
3189,S388,T981
3190,S558,T1936
3191,S305,T650
3192,S1574,T639
3193,S1784,T1574
3194,S646,T685
3195,S1139,T2088
3196,S1139,T379
3197,S1139,T472
3198,S1139,T35
3199,S35,T685
3200,S35,T2000
3201,S35,T2088
3202,S35,T289
3203,S1630,T1382
3204,S1630,T583
3205,S2031,T380
3206,S2031,T490
3207,S2031,T1911
3208,S2031,T738
3209,S820,T820
3210,S820,T853
3211,S271,T1938
3212,S271,T820
3213,S271,T853
3214,S1740,T724
3215,S854,T986
3216,S1203,T851
3217,S1203,T1565
3218,S7,T2086
3219,S7,T1973
3220,S7,T426
3221,S1864,T2086
3222,S1864,T216
3223,S672,T650
3224,S1079,T672
3225,S1079,T626
3226,S1079,T1277
3227,S1079,T67
3228,S1079,T650
3229,S1602,T791
3230,S1602,T1886
3231,S694,T1731
3232,S694,T791
3233,S1290,T560
3234,S1130,T1416
3235,S1130,T169
3236,S348,T650
3237,S348,T914
3238,S348,T544
3239,S650,T650
3240,S67,T672
3241,S67,T20
3242,S67,T650
3243,S67,T423
3244,S67,T35
3245,S67,T817
3246,S67,T626
3247,S67,T2000
3248,S67,T527
3249,S67,T1236
3250,S67,T379
3251,S178,T607
3252,S1046,T152
3253,S1958,T206
3254,S1958,T921
3255,S1958,T1500
3256,S1116,T921
3257,S1116,T583
3258,S302,T649
3259,S1090,T279
3260,S1230,T209
3261,S1628,T752
3262,S1628,T2052
3263,S1628,T2076
3264,S1628,T947
3265,S1238,T1628
3266,S1173,T1527
3267,S1165,T1353
3268,S1500,T2100
3269,S1500,T851
3270,S1500,T430
3271,S1485,T981
3272,S1485,T2046
3273,S1060,T650
3274,S1060,T1300
3275,S1209,T933
3276,S674,T852
3277,S382,T530
3278,S1844,T1558
3279,S378,T462
3280,S378,T378
3281,S462,T708
3282,S339,T552
3283,S1366,T1911
3284,S1287,T2045
3285,S1287,T316
3286,S1287,T370
3287,S1353,T438
3288,S161,T1852
3289,S22,T98
3290,S22,T994
3291,S22,T2041
3292,S22,T2096
3293,S22,T870
3294,S22,T929
3295,S1765,T2088
3296,S1765,T35
3297,S2088,T2000
3298,S2000,T963
3299,S1051,T724
3300,S1825,T890
3301,S89,T128
3302,S89,T520
3303,S89,T1449
3304,S89,T854
3305,S1326,T949
3306,S1326,T254
3307,S1480,T856
3308,S1573,T852
3309,S445,T447
3310,S389,T484
3311,S275,T2007
3312,S575,T2007
3313,S1157,T1027
3314,S1299,T1158
3315,S1299,T1983
3316,S1299,T2092
3317,S850,T1006
3318,S392,T500
3319,S392,T1634
3320,S392,T1059
3321,S392,T941
3322,S392,T572
3323,S559,T1747
3324,S206,T2109
3325,S1338,T724
3326,S1338,T1772
3327,S905,T2052
3328,S905,T947
3329,S905,T2078
3330,S1217,T2005
3331,S1730,T852
3332,S1730,T724
3333,S42,T571
3334,S42,T1776
3335,S391,T726
3336,S391,T1844
3337,S391,T947
3338,S1258,T572
3339,S1034,T317
3340,S1034,T1737
3341,S1034,T648
3342,S1445,T1445
3343,S1445,T1005
3344,S1445,T1831
3345,S1445,T395
3346,S145,T722
3347,S145,T1416
3348,S145,T648
3349,S145,T1034
3350,S1195,T1509
3351,S2083,T2033
3352,S2083,T1928
3353,S852,T650
3354,S725,T951
3355,S725,T1972
3356,S1401,T1506
3357,S1401,T1795
3358,S44,T1710
3359,S44,T372
3360,S1677,T1556
3361,S1677,T514
3362,S1713,T855
3363,S1713,T1771
3364,S950,T786
3365,S950,T717
3366,S1649,T1918
3367,S1649,T623
3368,S1873,T2096
3369,S926,T997
3370,S624,T1533
3371,S787,T1992
3372,S488,T1981
3373,S488,T1722
3374,S488,T1920
3375,S1488,T1441
3376,S623,T1918
3377,S723,T726
3378,S723,T1855
3379,S1948,T2002
3380,S2060,T657
3381,S2060,T797
3382,S420,T1025
3383,S315,T517
3384,S315,T488
3385,S168,T734
3386,S455,T1627
3387,S33,T48
3388,S33,T1545
3389,S111,T162
3390,S111,T1592
3391,S1257,T1441
3392,S1257,T896
3393,S1915,T2077
3394,S1915,T1000
3395,S1062,T293
3396,S1062,T2009
3397,S1062,T895
3398,S318,T1617
3399,S1660,T643
3400,S2080,T1969
3401,S1841,T1039
3402,S792,T844
3403,S1227,T1629
3404,S1227,T898
3405,S1227,T2074
3406,S132,T272
3407,S132,T72
3408,S2039,T1725
3409,S866,T1222
3410,S225,T1885
3411,S201,T620
3412,S201,T483
3413,S655,T2058
3414,S293,T2009
3415,S1198,T168
3416,S1198,T1198
3417,S832,T1981
3418,S282,T1388
3419,S282,T351
3420,S1587,T1222
3421,S1587,T137
3422,S422,T1536
3423,S422,T2037
3424,S1050,T368
3425,S1050,T1965
3426,S1050,T972
3427,S1050,T1963
3428,S1393,T1653
3429,S1963,T1965
3430,S1182,T658
3431,S1182,T864
3432,S721,T1850
3433,S721,T1005
3434,S1823,T1861
3435,S1823,T1812
3436,S83,T1816
3437,S83,T1617
3438,S83,T318
3439,S83,T1731
3440,S1729,T248
3441,S1729,T962
3442,S1546,T511
3443,S118,T2084
3444,S118,T1026
3445,S118,T916
3446,S1335,T1644
3447,S1335,T1728
3448,S244,T1313
3449,S1111,T1536
3450,S549,T1816
3451,S833,T1370
3452,S1610,T928
3453,S1976,T1694
3454,S1976,T291
3455,S1976,T1855
3456,S1625,T1847
3457,S1625,T881
3458,S864,T1967
3459,S700,T1875
3460,S1758,T1621
3461,S1758,T870
3462,S1621,T870
3463,S425,T1644
3464,S425,T754
3465,S203,T1644
3466,S203,T754
3467,S1415,T754
3468,S1415,T425
3469,S173,T1379
3470,S173,T398
3471,S1289,T750
3472,S512,T709
3473,S1061,T910
3474,S1866,T678
3475,S1866,T614
3476,S1305,T1676
3477,S417,T2056
3478,S417,T733
3479,S1160,T1981
3480,S1160,T631
3481,S1160,T1956
3482,S1160,T832
3483,S1956,T1981
3484,S691,T296
3485,S296,T1981
3486,S358,T1981
3487,S358,T358
3488,S358,T691
3489,S358,T296
3490,S1270,T1643
3491,S1270,T1681
3492,S1434,T686
3493,S514,T2006
3494,S514,T954
3495,S595,T434
3496,S595,T907
3497,S595,T995
3498,S1617,T1731
3499,S1617,T573
3500,S1122,T1631
3501,S48,T1070
3502,S48,T1625
3503,S48,T1190
3504,S48,T428
3505,S2019,T446
3506,S2019,T1493
3507,S1497,T1170
3508,S1497,T1849
3509,S1497,T2037
3510,S1355,T1948
3511,S1355,T1441
3512,S1374,T1510
3513,S1737,T722
3514,S1606,T1762
3515,S1606,T1850
3516,S1606,T2035
3517,S1606,T721
3518,S1606,T1606
3519,S1181,T246
3520,S1181,T1005
3521,S1181,T1395
3522,S1181,T1030
3523,S1181,T926
3524,S1181,T1193
3525,S1181,T1528
3526,S1291,T511
3527,S1291,T1732
3528,S511,T726
3529,S1732,T726
3530,S975,T691
3531,S30,T112
3532,S30,T1401
3533,S72,T1909
3534,S1123,T1270
3535,S1681,T1749
3536,S95,T431
3537,S95,T1323
3538,S95,T1235
3539,S95,T261
3540,S1675,T1374
3541,S1644,T1369
3542,S1644,T1728
3543,S1608,T1122
3544,S18,T726
3545,S18,T1105
3546,S18,T1821
3547,S18,T114
3548,S18,T1457
3549,S414,T468
3550,S1047,T858
3551,S1047,T1966
3552,S1115,T1296
3553,S1115,T1921
3554,S1093,T1533
3555,S1239,T680
3556,S1239,T87
3557,S1239,T488
3558,S246,T1834
3559,S246,T711
3560,S246,T1423
3561,S246,T574
3562,S863,T973
3563,S1222,T903
3564,S2103,T858
3565,S2103,T1005
3566,S375,T1678
3567,S375,T491
3568,S375,T937
3569,S47,T1981
3570,S47,T1956
3571,S1150,T680
3572,S1150,T433
3573,S61,T448
3574,S1085,T1843
3575,S1162,T1982
3576,S1080,T2042
3577,S1080,T727
3578,S1508,T1204
3579,S1508,T473
3580,S170,T1644
3581,S170,T1728
3582,S170,T1335
3583,S615,T1001
3584,S1038,T1239
3585,S1039,T1008
3586,S93,T1712
3587,S93,T936
3588,S1044,T1502
3589,S1044,T940
3590,S245,T1823
3591,S25,T1170
3592,S25,T1247
3593,S25,T950
3594,S1711,T962
3595,S9,T60
3596,S9,T928
3597,S9,T387
3598,S9,T1872
3599,S1248,T1313
3600,S1248,T244
3601,S326,T1268
3602,S1709,T517
3603,S1133,T1939
3604,S465,T2037
3605,S1166,T681
3606,S1166,T435
3607,S1166,T1865
3608,S1292,T792
3609,S1536,T1662
3610,S1828,T1024
3611,S1724,T964
3612,S1724,T1724
3613,S1764,T858
3614,S69,T2058
3615,S69,T655
3616,S1662,T2037
3617,S605,T1921
3618,S478,T1917
3619,S1302,T478
3620,S1302,T1917
3621,S1302,T1755
3622,S1755,T1917
3623,S1968,T478
3624,S1968,T1755
3625,S468,T1862
3626,S1670,T614
3627,S70,T2103
3628,S70,T1831
3629,S1800,T1289
3630,S75,T657
3631,S75,T750
3632,S1832,T808
3633,S1192,T1587
3634,S342,T1643
3635,S342,T2080
3636,S342,T1969
3637,S1071,T329
3638,S1071,T1848
3639,S1071,T469
3640,S1071,T772
3641,S754,T813
3642,S1043,T722
3643,S1043,T787
3644,S1043,T1034
3645,S123,T162
3646,S123,T855
3647,S123,T1210
3648,S123,T1771
3649,S123,T1193
3650,S1694,T726
3651,S1694,T723
3652,S1694,T953
3653,S1388,T726
3654,S1388,T953
3655,S1155,T173
3656,S1310,T1927
3657,S1310,T1133
3658,S1395,T1708
3659,S1510,T1649
3660,S1510,T623
3661,S350,T555
3662,S350,T1969
3663,S431,T261
3664,S431,T1008
3665,S873,T2037
3666,S1423,T926
3667,S1849,T786
3668,S1849,T2037
3669,S411,T1723
3670,S177,T2038
3671,S177,T528
3672,S8,T888
3673,S8,T989
3674,S1441,T1559
3675,S1069,T1278
3676,S1069,T1872
3677,S53,T2056
3678,S53,T1208
3679,S1592,T855
3680,S1506,T2030
3681,S1412,T1204
3682,S1412,T1749
3683,S1771,T855
3684,S94,T1963
3685,S469,T1848
3686,S1751,T1022
3687,S1301,T883
3688,S1301,T688
3689,S1447,T511
3690,S1447,T1979
3691,S1447,T726
3692,S1992,T1992
3693,S1403,T1764
3694,S1731,T1731
3695,S732,T2063
3696,S1502,T940
3697,S1860,T134
3698,S1521,T1644
3699,S1521,T1728
3700,S1521,T1369
3701,S1889,T585
3702,S476,T1889
3703,S1186,T512
3704,S1186,T709
3705,S753,T782
3706,S753,T1533
3707,S1344,T795
3708,S1344,T1486
3709,S1344,T1122
3710,S313,T1646
3711,S810,T1170
3712,S810,T313
3713,S1969,T1003
3714,S60,T1774
3715,S60,T1963
3716,S60,T1608
3717,S60,T281
3718,S317,T722
3719,S317,T1737
